-- schema definition

#########################
#
# DDL Section
#
#########################

#  OfferingType

DROP TABLE IF EXISTS OfferingIngredient;
DROP TABLE IF EXISTS OfferingTag;
DROP TABLE IF EXISTS LocationOffering;
DROP TABLE IF EXISTS OfferingPrice;
DROP TABLE IF EXISTS Offering;
DROP TABLE IF EXISTS OfferingType;
DROP TABLE IF EXISTS Tag;
DROP TABLE IF EXISTS Location;
DROP TABLE IF EXISTS Ingredient;
DROP TABLE IF EXISTS OfferingSize;

CREATE TABLE IF NOT EXISTS OfferingType (
  id          INT PRIMARY KEY AUTO_INCREMENT NOT NULL,
  name        VARCHAR(255) COMMENT 'starbucks refreshers beverages',
  description VARCHAR(1024) COMMENT 'longer days mean more time to sip something warm'

);

# Offering

CREATE TABLE Offering (
  id             INT PRIMARY KEY NOT NULL AUTO_INCREMENT,
  name           VARCHAR(255) COMMENT 'cool lime starbucks refreshers beverage',
  description    VARCHAR(1024),
  offeringTypeId INT             NOT NULL
);

ALTER TABLE Offering
  ADD FOREIGN KEY (offeringTypeId) REFERENCES OfferingType (id);

# Tag

CREATE TABLE IF NOT EXISTS Tag (
  id   INT PRIMARY KEY AUTO_INCREMENT NOT NULL,
  name VARCHAR(255) COMMENT 'name can be based on tags'

);

# Location

CREATE TABLE IF NOT EXISTS Location (
  id      INT PRIMARY KEY AUTO_INCREMENT NOT NULL,
  name    VARCHAR(255) COMMENT 'name of places',
  address VARCHAR(1024),
  phone   VARCHAR(255)

);

# Ingredient

CREATE TABLE IF NOT EXISTS Ingredient (
  id   INT PRIMARY KEY AUTO_INCREMENT NOT NULL,
  name VARCHAR(255) COMMENT 'lime refresher base'
);

# OfferingSize

CREATE TABLE IF NOT EXISTS OfferingSize (
  id   INT PRIMARY KEY AUTO_INCREMENT NOT NULL,
  name VARCHAR(255),
  oz   INT
);

# OfferingPrice

CREATE TABLE IF NOT EXISTS OfferingPrice (
  id             INT PRIMARY KEY AUTO_INCREMENT NOT NULL,
  offeringId     INT,
  offeringSizeId INT,
  price          FLOAT
);

ALTER TABLE OfferingPrice
  ADD FOREIGN KEY (offeringId) REFERENCES Offering (id);
ALTER TABLE OfferingPrice
  ADD FOREIGN KEY (offeringSizeId) REFERENCES OfferingSize (id);

# Offering <--> Tag

CREATE TABLE IF NOT EXISTS OfferingTag (
  offeringId INT NOT NULL,
  tagId      INT NOT NULL
);

ALTER TABLE OfferingTag
  ADD FOREIGN KEY (offeringId) REFERENCES Offering (id);
ALTER TABLE OfferingTag
  ADD FOREIGN KEY (tagId) REFERENCES Tag (id);

# Location <--> Offering

CREATE TABLE IF NOT EXISTS LocationOffering (
  locationId      INT NOT NULL,
  offeringPriceId INT NOT NULL
);

ALTER TABLE LocationOffering
  ADD FOREIGN KEY (locationId) REFERENCES Location (id);
ALTER TABLE LocationOffering
  ADD FOREIGN KEY (offeringPriceId) REFERENCES OfferingPrice (id);


# Offering <--> Ingredient

CREATE TABLE IF NOT EXISTS OfferingIngredient (
  offeringId   INT NOT NULL,
  ingredientId INT NOT NULL
);

ALTER TABLE OfferingIngredient
  ADD FOREIGN KEY (offeringId) REFERENCES Offering (id);
ALTER TABLE OfferingIngredient
  ADD FOREIGN KEY (ingredientId) REFERENCES Ingredient (id);

#########################
#
# DML Section
#
#########################

# OfferingType

INSERT INTO OfferingType (id, name, description) VALUES
  (1, 'Fresh Brewed Coffee', 'Freshly brewed beverages for your start-of-day pleasure'),
  (2, 'Cold Brews', 'Brews kept cold for those specially hot moments'),
  (3, 'Cold Drinks and Sodas', 'Handcrafted sodas made just for you'),
  (4, 'Espresso Drinks', 'The pleasure of our brews compressed into the tiniest size'),
  (5, 'Frappuccino Blends', 'Cold as cold gets.');

# Offering

INSERT INTO Offering (id, name, description, offeringTypeId) VALUES
  (1, 'Regular Coffee', 'Our best blend', 1),
  (2, 'Cappuccino', 'Creamy and delicious', 1),
  (11,'Caffe Misto','mix of fresh brewed coffee and steamed milk',1),
  (12,'Blonde Roast','Lightly roasted coffee that is soft',1),
  (3, 'Iced Tea', 'Best tea in the world, iced.', 2),
  (4, 'Iced Coffee', 'Our regular brewed coffee, iced.', 2),
  (13,'Vanilla Sweet Cream Cold Brew','slow steeped custom blend with sweet vanilla cream',2),
  (14,'Nitro Cold Brew','velvety coffee that is more sippable than ever',2),
  (5, 'Lemon Ale Fizzio', 'real lemon juice with a hint of apricot and ginger', 3),
  (6, 'Ginger Ale', 'not your average ginger ale', 3),
  (15,'Orange Cream Starbucks','Tangy orange fresh and herbal',3),
  (16,'Chocolate Smoothie','a nourishing blend of different flavors',3),
  (21,'Strawberry Smoothie','Nourish your body and treat your tastebuds',3),
  (7, 'Caffe Americano', 'Watered down espresso mixed with milk', 4),
  (8, 'Caffe Latte', 'Large espresso mixed with milk', 4),
  (17,'Caffe Mocha','The classic coffee drink to satisfy your sweet tooth',4),
  (18,'Eggnog Latte','Perennial holiday favorite',4),
  (22,'Flat White','Bold ristretto shots of espresso',4),
  (9, 'Caramel Frappuccino', 'Regular coffee iced and mixed with salted caramel', 5),
  (10,'Almond Frappuccino', 'Regular coffee iced and mixed with almond flakes', 5),
  (19,'Chestnut Frappuccino','The quintenssentially festive flavor',5),
  (20,'Cinnamon Frappuccino','Coffee with cinnamon dolce flavored syrup',5);

# OfferingSize

INSERT INTO OfferingSize (id, name, oz) VALUES
  (1, 'small', 8),
  (2, 'medium', 12),
  (3, 'tall', 16);

# OfferingPrice

INSERT INTO OfferingPrice (id, offeringId, offeringSizeId, price) VALUES
  (1, 1, 1, 3.2),
  (2, 1, 2, 5.5),
  (3, 1, 3, 7.3),
  (4, 2, 1, 3.4),
  (5, 2, 2, 5.3),
  (6, 2, 3, 8.5),
  (7, 3, 1, 3.6),
  (8, 3, 2, 5.3),
  (9, 3, 3, 8.4),
  (10, 4, 1, 3.3),
  (11, 4, 2, 5.7),
  (12, 4, 3, 7.6),
  (13, 5, 1, 3.2),
  (14, 5, 2, 5.2),
  (15, 5, 3, 7.7),
  (16, 6, 1, 3.3),
  (17, 6, 2, 5.6),
  (18, 6, 3, 8.9),
  (19, 7, 1, 3.4),
  (20, 7, 2, 5.4),
  (21, 7, 3, 7.7),
  (22, 8, 1, 3.3),
  (23, 8, 2, 5.5),
  (24, 8, 3, 8.6),
  (25, 9, 1, 3.5),
  (26, 9, 2, 5.3),
  (27, 9, 3, 6.9),
  (28, 10, 1, 3.4),
  (29, 10, 2, 5.2),
  (30, 10, 3, 8.6),
  (31, 11, 1, 3.4),
  (32, 11, 1, 5.2),
  (33, 11, 1, 8.2),
  (34, 12, 1, 3.2),
  (35, 12, 1, 4.9),
  (36, 12, 1, 7.9),
  (37, 13, 2, 3.1),
  (38, 13, 2, 5.8),
  (39, 13, 2, 5.6),
  (40, 14, 2, 3.0),
  (41, 14, 2, 5.2),
  (42, 14, 2, 7.7),
  (43, 15, 3, 3.2),
  (44, 15, 3, 5.3),
  (45, 15, 3, 7.5),
  (46, 16, 3, 3.3),
  (47, 16, 3, 5.1),
  (48, 16, 3, 8.5),
  (49, 17, 2, 3.0),
  (50, 17, 2, 5.7),
  (51, 17, 1, 7.6),
  (52, 18, 1, 3.7),
  (53, 18, 3, 5.8),
  (54, 18, 3, 8.6),
  (55, 19, 2, 3.4),
  (56, 19, 2, 5.6),
  (57, 19, 1, 8.4),
  (58, 20, 2, 3.9),
  (59, 20, 2, 5.2),
  (60, 20, 3, 7.6),
  (61, 21, 3, 3.5),
  (62, 21, 3, 5.7),
  (63, 21, 3, 7.5),
  (64, 22, 3, 3.0),
  (65, 22, 2, 5.6),
  (66, 22, 1, 8.7);

# Location

INSERT INTO Location (id, name, address, phone) VALUES
  (1, 'Lynnwood Starbucks', '19220 Alderwood Mall Pkwy Lynnwood WA', '4257747728'),
  (2, 'Seattle Starbucks', '102 Pike St Seattle WA', '2069038010'),
  (3, 'Edmonds Starbucks', 'Aurora Marketplace 23632 WA Hw 99 Edmonds WA', '4257781411'),
  (4, 'Kirkland Starbucks', '6617 132nd Ave NE Kirkland WA', '4258818265'),
  (5, 'Tacoma Starbucks', '1723 S 72nd St Tacoma WA', '2536718337'),
  (6, 'Bellevue Starbucks', '500 108th Ave NE 1A1 Bellevue WA', '4256376513'),
  (7, 'Shorline', '1251 N 205th St Shoreline WA', '2065429608'),
  (8, 'Tacoma', '2505 S 38th St Tacoma WA', '2534755644'),
  (9, 'Seattle', '4634 26th Ave NE Seattle WA', '2065225228'),
  (10, 'Bothel', '2020 Maltby Rd Bothel WA', '4254851255'),
  (11,'Everett Starbucks','515 SE Everett Mall Way Everett WA','4253562267'),
  (12,'Lake City Starbucks','14330 Lake City Way NAE Seattle WA 98125','2064403366'),
  (13,'University Village Starbucks','463426th Ave NE Seattle WA 98105','2065225228'),
  (14,'Olympia Starbucks','550 Capital Way South Space C Olympia WA','3607537771'),
  (15,'Kirkland Starbucks','116 Lake st s Kirkland WA','4258039086'),
  (16,'Kirkland Starbucks','9721 NE 119th Way Kirkland WA','4258257372'),
  (17,'Kirkland Starbucks','13325 100th Ave NE Kirkland','4258232016'),
  (18,'Pacific Tacoma Starbucks','1748 Pacific Ave Tacoma WA','2535731789'),
  (19,'South Pacific Tacoma Starbucks','1101 Pacific Ave S Tacoma WA','2535722219'),
  (20,'6th Tacoma Starbucks','2008 6th Ave Tacoma WA','2532721023');

# OfferingLocation

INSERT INTO LocationOffering (locationId, offeringPriceId) VALUES
  (1, 1),
  (1, 2),
  (1, 3),
  (1, 4),
  (1, 5),
  (1, 6),
  (1, 7),
  (1, 8),
  (1, 9),
  (1, 10),
  (1, 11),
  (1, 13),
  (1, 14),
  (1, 15),
  (1, 16),
  (1, 17),
  (1, 18),
  (1, 19),
  (1, 20),
  (1, 23),
  (1, 24),
  (1, 25),
  (1, 26),
  (1, 30),
  (1,32),
  (1,33),
  (1,34),
  (1,35),
  (1,36),
  (1,37),
  (1,38),
  (1,39),
  (1,40),
  (1,41),
  (1,42),
  (1,43),
  (1,44),
  (1,45),
  (1,46),
  (1,47),
  (1,48),
  (1,49),
  (1,51),
  (1,50),
  (1,52),
  (1,53),
  (1,54),
  (1,55),
  (1,56),
  (1,57),

  (2, 1),
  (2, 2),
  (2, 3),
  (2, 5),
  (2, 6),
  (2, 7),
  (2, 8),
  (2, 9),
  (2, 11),
  (2, 12),
  (2, 13),
  (2, 14),
  (2, 15),
  (2, 19),
  (2, 20),
  (2, 21),
  (2, 22),
  (2, 23),
  (2, 25),
  (2, 26),
  (2, 28),
  (2, 29),
  (2, 36),
  (2, 38),
  (2, 39),
  (2, 46),
  (2, 48),
  (2, 49),
  (2, 56),
  (2, 58),
  (2, 59),
  (2, 66),
  (2, 53),
  (2, 54),

  (3, 1),
  (3, 4),
  (3, 5),
  (3, 6),
  (3, 7),
  (3, 9),
  (3, 10),
  (3, 16),
  (3, 17),
  (3, 18),
  (3, 19),
  (3, 20),
  (3, 21),
  (3, 22),
  (3, 23),
  (3, 25),
  (3, 26),
  (3, 29),
  (3, 30),
  (3, 66),
  (3, 65),
  (3, 64),
  (3, 63),
  (3, 62),
  (3, 61),
  (3, 60),

  (4, 1),
  (4, 2),
  (4, 7),
  (4, 8),
  (4, 9),
  (4, 10),
  (4, 11),
  (4, 12),
  (4, 13),
  (4, 14),
  (4, 15),
  (4, 16),
  (4, 17),
  (4, 18),
  (4, 19),
  (4, 20),
  (4, 21),
  (4, 22),
  (4, 26),
  (4, 27),
  (4, 28),
  (4, 29),
  (4, 51),
  (4, 52),
  (4, 57),
  (4, 58),
  (4, 59),
  (4, 31),
  (4, 32),
  (4, 37),
  (4, 38),
  (4, 39),
  (4, 41),
  (4, 42),
  (4, 47),
  (4, 48),
  (4, 49),
  (4, 61),
  (4, 62),

  (5, 4),
  (5, 5),
  (5, 6),
  (5, 7),
  (5, 8),
  (5, 9),
  (5, 10),
  (5, 11),
  (5, 12),
  (5, 13),
  (5, 14),
  (5, 15),
  (5, 16),
  (5, 17),
  (5, 18),
  (5, 19),
  (5, 20),
  (5, 21),
  (5, 22),
  (5, 23),
  (5, 24),
  (5, 25),
  (5, 26),
  (5, 27),
  (5, 29),
  (5, 30),
  (5, 34),
  (5, 35),
  (5, 36),
  (5, 37),
  (5, 38),
  (5, 39),
  (5, 44),
  (5, 45),
  (5, 46),
  (5, 47),
  (5, 48),
  (5, 49),
  (5, 54),
  (5, 55),
  (5, 56),
  (5, 57),
  (5, 58),
  (5, 59),

  (6, 1),
  (6, 2),
  (6, 3),
  (6, 4),
  (6, 5),
  (6, 6),
  (6, 7),
  (6, 8),
  (6, 9),
  (6, 10),
  (6, 11),
  (6, 12),
  (6, 16),
  (6, 17),
  (6, 18),
  (6, 19),
  (6, 20),
  (6, 26),
  (6, 27),
  (6, 28),
  (6, 29),
  (6, 30),
  (6, 60),
  (6, 61),
  (6, 62),
  (6, 63),
  (6, 64),
  (6, 65),
  (6, 66),

  (7, 1),
  (7, 2),
  (7, 3),
  (7, 4),
  (7, 5),
  (7, 6),
  (7, 7),
  (7, 8),
  (7, 9),
  (7, 10),
  (7, 11),
  (7, 12),
  (7, 13),
  (7, 14),
  (7, 15),
  (7, 16),
  (7, 23),
  (7, 24),
  (7, 25),
  (7, 26),

  (8, 1),
  (8, 2),
  (8, 3),
  (8, 4),
  (8, 5),
  (8, 6),
  (8, 13),
  (8, 14),
  (8, 15),
  (8, 16),
  (8, 17),
  (8, 18),
  (8, 19),
  (8, 20),
  (8, 21),
  (8, 22),
  (8, 23),
  (8, 24),
  (8, 25),
  (8, 26),
  (8, 27),
  (8, 30),
  (8, 40),
  (8, 41),
  (8, 42),
  (8, 43),
  (8, 44),
  (8, 45),
  (8, 46),
  (8, 47),
  (8, 48),
  (8, 49),
  (8, 50),

  (9, 1),
  (9, 2),
  (9, 3),
  (9, 4),
  (9, 5),
  (9, 6),
  (9, 7),
  (9, 8),
  (9, 9),
  (9, 10),
  (9, 11),
  (9, 12),
  (9, 13),
  (9, 14),
  (9, 15),
  (9, 16),
  (9, 17),
  (9, 18),
  (9, 19),
  (9, 20),
  (9, 21),
  (9, 22),
  (9, 23),
  (9, 24),
  (9, 25),
  (9, 26),
  (9, 27),
  (9, 28),
  (9, 29),
  (9, 30),
  (9, 31),
  (9, 32),
  (9, 33),
  (9, 34),
  (9, 35),
  (9, 36),
  (9, 37),
  (9, 38),
  (9, 39),
  (9, 51),
  (9, 52),
  (9, 53),
  (9, 54),
  (9, 55),
  (9, 56),
  (9, 57),
  (9, 58),
  (9, 59),

  (10, 1),
  (10, 3),
  (10, 4),
  (10, 6),
  (10, 7),
  (10, 8),
  (10, 11),
  (10, 12),
  (10, 13),
  (10, 14),
  (10, 15),
  (10, 16),
  (10, 18),
  (10, 19),
  (10, 20),
  (10, 22),
  (10, 23),
  (10, 24),
  (10, 26),
  (10, 27),
  (10, 28),
  (10, 29),
  (10, 30),
  (10, 31),
  (10, 33),
  (10, 34),
  (10, 36),
  (10, 41),
  (10, 43),
  (10, 44),
  (10, 46),
  (10, 51),
  (10, 53),
  (10, 54),
  (10, 56),
  (10, 61),
  (10, 63),
  (10, 64),
  (10, 66),

  (11,1),
  (11,3),
  (11,5),
  (11,7),
  (11,9),
  (11,11),
  (11,13),
  (11,15),
  (11,17),
  (11,19),
  (11,21),
  (11,23),
  (11,25),
  (11,27),
  (11,29),
  (11,31),
  (11,33),
  (11,35),
  (11,37),
  (11,39),
  (11,41),
  (11,43),
  (11,45),
  (11,47),
  (11,49),
  (11,51),
  (11,53),
  (11,55),
  (11,57),
  (11,59),
  (11,61),
  (11,63),
  (11,65),

  (12,2),
  (12,4),
  (12,6),
  (12,8),
  (12,10),
  (12,12),
  (12,14),
  (12,16),
  (12,18),
  (12,20),
  (12,22),
  (12,24),
  (12,26),
  (12,28),
  (12,30),
  (12,32),
  (12,34),
  (12,36),
  (12,38),
  (12,42),
  (12,44),
  (12,46),
  (12,48),
  (12,52),
  (12,54),
  (12,56),
  (12,58),
  (12,60),
  (12,61),
  (12,62),
  (12,63),
  (12,64),
  (12,65),
  (12,66),

  (13,3),
  (13,6),
  (13,9),
  (13,12),
  (13,15),
  (13,18),
  (13,21),
  (13,24),
  (13,27),
  (13,30),
  (13,33),
  (13,36),
  (13,33),
  (13,46),
  (13,43),
  (13,46),
  (13,53),
  (13,56),
  (13,63),
  (13,66),

  (14,1),
  (14,3),
  (14,5),
  (14,7),
  (14,9),
  (14,11),
  (14,13),
  (14,15),
  (14,17),
  (14,19),
  (14,21),
  (14,23),
  (14,25),
  (14,27),
  (14,29),
  (14,31),
  (14,33),
  (14,35),
  (14,37),
  (14,39),
  (14,41),
  (14,43),
  (14,45),
  (14,47),
  (14,49),
  (14,51),
  (14,53),
  (14,55),
  (14,57),
  (14,59),

  (15,2),
  (15,4),
  (15,6),
  (15,8),
  (15,10),
  (15,12),
  (15,14),
  (15,16),
  (15,18),
  (15,20),
  (15,22),
  (15,24),
  (15,26),
  (15,28),
  (15,30),
  (15,32),
  (15,34),
  (15,36),
  (15,38),
  (15,42),
  (15,44),
  (15,46),
  (15,48),
  (15,52),
  (15,54),
  (15,56),
  (15,58),
  (15,60),
  (15,61),
  (15,62),
  (15,63),
  (15,64),

  (16,1),
  (16,5),
  (16,9),
  (16,7),
  (16,14),
  (16,16),
  (16,27),
  (16,26),
  (16,25),
  (16,21),
  (16,11),
  (16,19),
  (16,29),
  (16,3),
  (16,13),
  (16,23),
  (16,10),
  (16,20),
  (16,15),
  (16,28),
  (16,18),
  (16,8),
  (16,6),
  (16,31),
  (16,35),
  (16,39),
  (16,37),
  (16,41),
  (16,45),
  (16,49),
  (16,47),
  (16,51),
  (16,55),
  (16,59),
  (16,57),

  (17,1),
  (17,11),
  (17,12),
  (17,13),
  (17,14),
  (17,15),
  (17,16),
  (17,17),
  (17,18),
  (17,19),
  (17,20),
  (17,21),
  (17,24),
  (17,26),
  (17,28),
  (17,6),
  (17,7),
  (17,61),
  (17,62),
  (17,63),
  (17,64),
  (17,65),
  (17,66),
  (17,56),
  (17,57),
  (17,55),
  (17,54),
  (17,53),
  (17,52),
  (17,51),
  (17,50),

  (18,2),
  (18,1),
  (18,3),
  (18,4),
  (18,5),
  (18,6),
  (18,7),
  (18,8),
  (18,9),
  (18,10),
  (18,11),
  (18,13),
  (18,12),
  (18,14),
  (18,15),
  (18,42),
  (18,41),
  (18,43),
  (18,44),
  (18,45),
  (18,46),
  (18,47),
  (18,48),
  (18,49),
  (18,52),
  (18,51),
  (18,53),
  (18,54),
  (18,55),
  (18,56),
  (18,57),
  (18,58),
  (18,59),

  (19,3),
  (19,4),
  (19,5),
  (19,6),
  (19,14),
  (19,13),
  (19,15),
  (19,16),
  (19,23),
  (19,24),
  (19,25),
  (19,26),
  (19,28),
  (19,29),
  (19,30),
  (19,21),
  (19,22),
  (19,27),
  (19,61),
  (19,51),
  (19,41),
  (19,31),
  (19,32),
  (19,33),
  (19,34),
  (19,35),
  (19,36),
  (19,37),
  (19,38),
  (19,39),
  (19,54),
  (19,53),
  (19,55),
  (19,56),
  (19,59),
  (19,57),

  (20,4),
  (20,27),
  (20,24),
  (20,23),
  (20,22),
  (20,21),
  (20,13),
  (20,10),
  (20,26),
  (20,19),
  (20,11),
  (20,2),
  (20,7),
  (20,5),
  (20,15),
  (20,12),
  (20,29),
  (20,30),
  (20,44),
  (20,43),
  (20,42),
  (20,31),
  (20,40),
  (20,50),
  (20,60);

# Tag

INSERT INTO Tag (id, name) VALUES
  (1, 'hot'),
  (2, 'cold'),
  (3, 'iced'),
  (4, 'regular'),
  (5, 'latte'),
  (6, 'coffee'),
  (7, 'tea'),
  (8, 'classic'),
  (9, 'Fizzio'),
  (10, 'mixed'),
  (11, 'frappuccino'),
  (12, 'flakes'),
  (13, 'best'),
  (14, 'creamy'),
  (15, 'delicious'),
  (16, 'brewed'),
  (17, 'blend'),
  (18, 'energy'),
  (19, 'espresso'),
  (21, 'cappuccino'),
  (22, 'lemon Ale'),
  (23, 'fizzio'),
  (24, 'real lemon'),
  (25, 'juice'),
  (26, 'ginger'),
  (27, 'ginger Ale'),
  (28, 'cinnamon'),
  (29, 'spices'),
  (30, 'smoothie'),
  (31, 'steamed'),
  (32, 'mocha'),
  (33, 'eggnog'),
  (34, 'holiday'),
  (35, 'ristretto'),
  (36, 'shots'),
  (37, 'sauce'),
  (38, 'tangy'),
  (39, 'orange'),
  (40, 'vanilla'),
  (41, 'herbal'),
  (42, 'floral'),
  (43, 'bubbly'),
  (44, 'sweet'),
  (45, 'roasted'),
  (46, 'flavorful'),
  (20, 'flowery');

# OfferingTag

INSERT INTO OfferingTag (offeringId, tagId) VALUES
  (1, 1),
  (1, 4),
  (1, 17),
  (2, 1),
  (2, 14),
  (2, 21),
  (3, 2),
  (3, 3),
  (3, 7),
  (3, 13),
  (4, 2),
  (4, 3),
  (4, 16),
  (4, 4),
  (4, 6),
  (5, 2),
  (5, 3),
  (5, 26),
  (5, 25),
  (5, 24),
  (5, 23),
  (5, 22),
  (6, 2),
  (6, 3),
  (6, 26),
  (6, 23),
  (6, 25),
  (6, 27),
  (7, 1),
  (7, 10),
  (7, 19),
  (8, 1),
  (8, 10),
  (9,2),
  (9,3),
  (9,6),
  (9,4),
  (9,10),
  (10,4),
  (10,6),
  (10,3),
  (10,2),
  (10,12),
  (11,1),
  (11,10),
  (11,16),
  (11,6),
  (11,31),
  (12,6),
  (12,1),
  (12,45),
  (12,46),
  (13,2),
  (13,6),
  (13,16),
  (13,40),
  (13,17),
  (13,3),
  (13,44),
  (14,2),
  (14,3),
  (14,40),
  (14,6),
  (14,16),
  (15,43),
  (15,42),
  (15,41),
  (15,40),
  (15,39),
  (15,38),
  (15,2),
  (15,3),
  (16,37),
  (16,30),
  (16,17),
  (16,32),
  (16,2),
  (16,3),
  (17,19),
  (17,6),
  (17,31),
  (17,32),
  (17,1),
  (18,1),
  (18,19),
  (18,31),
  (18,34),
  (18,33),
  (19,2),
  (19,3),
  (19,17),
  (19,29),
  (20,2),
  (20,6),
  (20,3),
  (20,28),
  (21,2),
  (21,3),
  (21,17),
  (21,30),
  (22,35),
  (22,36),
  (22,1),
  (22,19),
  (22,31);


# Ingredient

INSERT INTO Ingredient (id, name) VALUES
  (1, 'brewed Coffee'),
  (2, 'Milk'),
  (3, 'Brewed Espresso'),
  (4, 'water'),
  (5, 'black tea'),
  (6, 'bergamont essence'),
  (7, 'lavender flowers'),
  (8, 'ice'),
  (9, 'classic syrup'),
  (10, 'coffee frappuccino syrup'),
  (11, 'coffee'),
  (12, 'whipped cream'),
  (13, 'caramel syrup'),
  (14, 'caramel drizzle'),
  (15, 'almondmilk'),
  (16, 'coffee frappucino syrup'),
  (17, 'cinnamon dolce syrup'),
  (18, 'cinnamon dolce topping'),
  (19, 'caramel sauce'),
  (20, 'lemon ale Fizzio base'),
  (21, 'ginger ale Fizzio base'),
  (22, 'heavy cream'),
  (23, 'vanilla syrup'),
  (24, 'vanilla sweet cream'),
  (25, 'orange cream Fizzio base'),
  (26, 'banana'),
  (27, 'mocha sauce'),
  (28, 'protein powder'),
  (29, 'fiber powder'),
  (30, 'nutmeg'),
  (31, 'eggnog'),
  (32, 'frappuccino syrup'),
  (33, 'chestnut praline syrup'),
  (34, 'chestnut praline topping'),
  (35, 'cinnamon dolce flavored syrup'),
  (36, 'cinnamon dolce topping'),
  (37, 'strawberry base');

# OfferingIngredient

INSERT INTO OfferingIngredient (offeringId, ingredientId) VALUES

  (10, 8),
  (10, 15),
  (10, 16),
  (10, 12),
  (10, 11),
  (10, 17),
  (10, 19),
  (10, 18),
  (9, 8),
  (9, 2),
  (9, 10),
  (9, 11),
  (9, 12),
  (9, 13),
  (9, 14),
  (8, 2),
  (8, 3),
  (7, 3),
  (7, 4),
  (5, 8),
  (5, 20),
  (5, 4),
  (6, 21),
  (6, 8),
  (6, 4),
  (1, 1),
  (2, 2),
  (2, 3),
  (3, 4),
  (3, 5),
  (3, 6),
  (3, 7),
  (4, 1),
  (4, 8),
  (4, 9),
  (11,1),
  (11,2),
  (12,1),
  (13,1),
  (13,2),
  (13,8),
  (13,22),
  (13,23),
  (14,1),
  (14,8),
  (14,24),
  (15,8),
  (15,4),
  (15,25),
  (16,2),
  (16,8),
  (16,26),
  (16,27),
  (16,28),
  (16,29),
  (17,2),
  (17,27),
  (17,12),
  (17,3),
  (18,2),
  (18,3),
  (18,30),
  (18,31),
  (19,8),
  (19,2),
  (19,12),
  (19,32),
  (19,33),
  (19,34),
  (20,8),
  (20,2),
  (20,1),
  (20,12),
  (20,35),
  (20,36),
  (21,8),
  (22,2),
  (22,3),
  (21,2),
  (21,28),
  (21,29),
  (21,26),
  (21,37);
